{
  "episode_rewards": [
    0.11062245665298105,
    0.0185757941433505,
    0.11867523541351836,
    0.050250656713903316,
    -0.025507976330543188,
    0.0921619346542328,
    0.07576999482672256,
    0.21168170562173183,
    -0.0645244147356512,
    0.0514773837148663,
    -0.09393592836291505,
    0.17361533105964622,
    -0.0005475563314161783,
    0.0736514515546587,
    -0.07092475520377482,
    0.00994859979682802,
    -0.0008889250863226861,
    -0.013837359091280074,
    0.06255178220358792,
    0.0217235501809031,
    0.005974142772483175,
    0.06633417640312107,
    0.09711017741282994,
    0.12320099847788081,
    -0.02123046265883022,
    0.08030534540762889,
    0.10075032379162734,
    0.07438355345499875,
    0.08893874725619975,
    -0.02868493510026602,
    0.14845154451115372,
    0.016742690648027924,
    0.03452280863332851,
    0.11372395967424236,
    0.03941615807560157,
    -0.022873030569660485,
    -0.01806989171001772,
    0.04404647759835642,
    0.04910348771834689,
    0.19296838020525042,
    0.17342145365324702,
    -0.05216876747887727,
    0.061998710327904036,
    0.06999021300471801,
    -0.008043666998831061,
    0.04855522307731442,
    -0.01797530009852641,
    0.5369006251439622,
    0.1340160183355736,
    0.15259515015920913
  ],
  "episode_returns": [
    1.106224566529801,
    0.18575794143349533,
    1.1867523541351899,
    0.5025065671390383,
    -0.25507976330543247,
    0.921619346542335,
    0.7576999482672209,
    2.1168170562173128,
    -0.6452441473565163,
    0.5147738371486632,
    -0.9393592836291487,
    1.7361533105964666,
    -0.005475563314161214,
    0.7365145155465935,
    -0.7092475520377506,
    0.09948599796827384,
    -0.008889250863231002,
    -0.13837359091279922,
    0.6255178220358815,
    0.21723550180903217,
    0.05974142772482427,
    0.6633417640312,
    0.9711017741282912,
    1.2320099847788146,
    -0.21230462658829996,
    0.8030534540762968,
    1.007503237916274,
    0.743835534549997,
    0.8893874725619977,
    -0.2868493510026604,
    1.484515445111545,
    0.16742690648028358,
    0.3452280863332824,
    1.1372395967424342,
    0.39416158075602503,
    -0.22873030569660058,
    -0.18069891710017494,
    0.44046477598356226,
    0.4910348771834716,
    1.9296838020524953,
    1.7342145365324635,
    -0.5216876747887733,
    0.6199871032790405,
    0.6999021300471808,
    -0.08043666998831522,
    0.48555223077313414,
    -0.17975300098526104,
    5.377109155314597,
    1.340160183355743,
    1.5259515015920933
  ],
  "episode_lengths": [
    273,
    273,
    273,
    273,
    273,
    273,
    273,
    273,
    273,
    273,
    273,
    273,
    273,
    273,
    273,
    273,
    273,
    273,
    273,
    273,
    273,
    273,
    273,
    273,
    273,
    273,
    273,
    273,
    273,
    273,
    273,
    273,
    273,
    273,
    273,
    273,
    273,
    273,
    273,
    273,
    273,
    273,
    273,
    273,
    273,
    273,
    273,
    273,
    273,
    273
  ],
  "training_metrics": [
    {
      "loss": 0.5109347477555275,
      "policy_loss": 0.02746779192239046,
      "value_loss": 0.4941897466778755,
      "entropy": 1.0722796022891998
    },
    {
      "loss": 0.447213776409626,
      "policy_loss": -0.013952949550002813,
      "value_loss": 0.4720126762986183,
      "entropy": 1.0845952332019806
    },
    {
      "loss": 0.443380206823349,
      "policy_loss": -0.00812022015452385,
      "value_loss": 0.4621686264872551,
      "entropy": 1.0668204128742218
    },
    {
      "loss": 0.46502063423395157,
      "policy_loss": 0.001774330623447895,
      "value_loss": 0.4736028388142586,
      "entropy": 1.0356532633304596
    },
    {
      "loss": 0.4640910029411316,
      "policy_loss": 0.0032048425637185574,
      "value_loss": 0.4710272178053856,
      "entropy": 1.0141065120697021
    },
    {
      "loss": 0.4546961039304733,
      "policy_loss": -0.0033813435584306717,
      "value_loss": 0.4680086150765419,
      "entropy": 0.993116483092308
    }
  ]
}