{
  "episode_rewards": [
    -0.08729685499287451,
    -0.011275964783696682,
    -0.0013375454003093272,
    0.08434858877145887,
    0.01636913720385929,
    0.06530111592330938,
    -0.023020207810668228,
    0.06524917441283322,
    0.018830006903177137,
    0.04034563330886012
  ],
  "episode_returns": [
    -0.8729685499287432,
    -0.11275964783696857,
    -0.013375454003095033,
    0.8434858877145901,
    0.16369137203859907,
    0.6530111592330856,
    -0.23020207810667825,
    0.6524917441283362,
    0.188300069031766,
    0.4034563330886032
  ],
  "episode_lengths": [
    273,
    273,
    273,
    273,
    273,
    273,
    273,
    273,
    273,
    273
  ],
  "training_metrics": [
    {
      "loss": 0.5523743182420731,
      "policy_loss": 0.058379639871418476,
      "value_loss": 0.5047295540571213,
      "entropy": 1.073488026857376
    }
  ]
}