{
  "episode_rewards": [
    0.12068951085702423,
    0.08526775673981464,
    0.06152647678196957,
    -0.01594590301719146,
    -0.003781842707321637,
    0.04324697337379332,
    -0.03974637838730699,
    0.012172630903752006,
    0.019421909275592782,
    -0.006007711493085661,
    -0.010482418644396214,
    -0.020516282176312236,
    0.0077289390737263625,
    0.00016356795647152401,
    0.006814789125185052,
    0.08762243808268254,
    -0.02773777924922762,
    -0.015711296720871175,
    0.023839840617649304,
    0.0666902704697932,
    -0.005637669873108077,
    0.101345331671057,
    -0.005292763384323931,
    -0.004250201955201913,
    0.0035591919851940493,
    0.06890211568383095,
    -0.025741169067397998,
    0.006106039787676133,
    0.02373681364562944,
    -0.028191765188999116,
    -0.015340973887853037,
    0.03969148257079506,
    -0.022574103512009593,
    -0.03388513305524542,
    -0.02294516703011323,
    0.0021492038975004122,
    0.0010773328186056484,
    0.01752398491224013,
    0.027989376102763346,
    -0.006858551294420612,
    0.03165982724731439,
    -0.02421302412042279,
    0.009130959563312344,
    0.057336071750258254,
    0.05515126245801803,
    0.04781118881286239,
    0.09582443954285698,
    0.009624502349812249,
    -0.07015944173747264,
    0.0007826282533424013,
    -0.0145290702759914,
    0.11327884878406035,
    0.03407968909301419,
    -0.01279059768724982,
    0.00462731218656845,
    -0.023501197843201226,
    0.03431248323490148,
    0.030161176978543522,
    0.009943701008250361,
    0.01468779286185016,
    0.06416486589232953,
    -0.06360054098869294,
    0.06093056219698046,
    0.02861708285321221,
    -0.003392978433863037,
    0.03870858331814088,
    0.013066114958861718,
    0.023014971177821295,
    0.019012582102300078,
    0.014159104891678742
  ],
  "episode_returns": [
    1.2068951085702384,
    0.8526775673981524,
    0.615264767819701,
    -0.15945903017191565,
    -0.037818427073221805,
    0.43246973373793907,
    -0.39746378387307546,
    0.12172630903752868,
    0.19421909275592064,
    -0.060077114930856546,
    -0.10482418644396363,
    -0.2051628217631274,
    0.07728939073725627,
    0.0016356795647043398,
    0.06814789125184628,
    0.8762243808268178,
    -0.2773777924922727,
    -0.1571129672087168,
    0.23839840617649877,
    0.6669027046979359,
    -0.05637669873108653,
    1.0134533167105664,
    -0.052927633843236066,
    -0.04250201955201538,
    0.035591919851940546,
    0.6890211568383098,
    -0.25741169067398095,
    0.06106039787676654,
    0.23736813645629518,
    -0.28191765188999574,
    -0.15340973887852938,
    0.3969148257079613,
    -0.22574103512009724,
    -0.33885133055245875,
    -0.22945167030112845,
    0.02149203897501284,
    0.010773328186064468,
    0.17523984912239943,
    0.27989376102763863,
    -0.06858551294420812,
    0.3165982724731453,
    -0.24213024120423032,
    0.09130959563312668,
    0.5733607175025801,
    0.5515126245801749,
    0.4781118881286295,
    0.9582443954285758,
    0.09624502349812047,
    -0.701594417374729,
    0.00782628253341855,
    -0.14529070275991485,
    1.132788487840597,
    0.34079689093013954,
    -0.12790597687249994,
    0.04627312186569199,
    -0.23501197843200927,
    0.3431248323490177,
    0.3016117697854259,
    0.09943701008250372,
    0.14687792861849402,
    0.6416486589232884,
    -0.6360054098869306,
    0.6093056219698134,
    0.2861708285321285,
    -0.03392978433862659,
    0.3870858331814109,
    0.13066114958861785,
    0.23014971177821586,
    0.19012582102300168,
    0.1415910489167782
  ],
  "episode_lengths": [
    273,
    273,
    273,
    273,
    273,
    273,
    273,
    273,
    273,
    273,
    273,
    273,
    273,
    273,
    273,
    273,
    273,
    273,
    273,
    273,
    273,
    273,
    273,
    273,
    273,
    273,
    273,
    273,
    273,
    273,
    273,
    273,
    273,
    273,
    273,
    273,
    273,
    273,
    273,
    273,
    273,
    273,
    273,
    273,
    273,
    273,
    273,
    273,
    273,
    273,
    273,
    273,
    273,
    273,
    273,
    273,
    273,
    273,
    273,
    273,
    273,
    273,
    273,
    273,
    273,
    273,
    273,
    273,
    273,
    273
  ],
  "training_metrics": [
    {
      "loss": 0.4792577102780342,
      "policy_loss": 0.0020001139491796494,
      "value_loss": 0.4881938397884369,
      "entropy": 1.093624770641327
    },
    {
      "loss": 0.41133999824523926,
      "policy_loss": -0.02122888620942831,
      "value_loss": 0.4434582144021988,
      "entropy": 1.088932752609253
    },
    {
      "loss": 0.4973655641078949,
      "policy_loss": 0.015859394799917936,
      "value_loss": 0.49240458756685257,
      "entropy": 1.089841604232788
    },
    {
      "loss": 0.46025940775871277,
      "policy_loss": -0.0018740976229310036,
      "value_loss": 0.47304414212703705,
      "entropy": 1.0910641252994537
    },
    {
      "loss": 0.4550376310944557,
      "policy_loss": 0.008997583296149969,
      "value_loss": 0.4569104537367821,
      "entropy": 1.0870408117771149
    },
    {
      "loss": 0.42725367844104767,
      "policy_loss": -0.04515039059333503,
      "value_loss": 0.4832674041390419,
      "entropy": 1.0863340497016907
    },
    {
      "loss": 0.48486118018627167,
      "policy_loss": 0.034187568351626396,
      "value_loss": 0.461489699780941,
      "entropy": 1.0816085636615753
    },
    {
      "loss": 0.42295361310243607,
      "policy_loss": -0.01991351507604122,
      "value_loss": 0.45362865924835205,
      "entropy": 1.0761526226997375
    },
    {
      "loss": 0.4800765737891197,
      "policy_loss": 0.013710602303035557,
      "value_loss": 0.477059043943882,
      "entropy": 1.0693070590496063
    }
  ]
}