{
  "episode_rewards": [
    -0.08729685499287451,
    -0.011275964783696682,
    -0.0013375454003093272,
    0.08434858877145887,
    0.01636913720385929,
    0.06530111592330938,
    -0.023020207810668228,
    0.06524917441283322,
    0.018830006903177137,
    0.04034563330886012,
    0.033680100696228316,
    0.011005814082465041,
    -0.00924145775654759,
    0.040758159099044865,
    -0.009260371553813472,
    -0.03450932752097435,
    -0.03982166064920602,
    0.041171518340709735,
    0.005566814832710953,
    0.2225467403623508,
    0.024619691693913797,
    0.06441519601979963,
    0.0779525574283296,
    0.041055015965485664,
    0.043155943127560034,
    0.03445431950988275,
    0.24437009305820387,
    0.15416635986681226,
    0.045241996582932195,
    0.03406860986036337,
    0.03520455833702581,
    0.031925798090340685,
    0.004073019024579914,
    0.4426536482946629,
    -0.010049351784566516,
    -0.06922393048183872,
    -0.018694147534488028,
    0.040727148087996594,
    0.2491072306864313,
    0.25251556667946873
  ],
  "episode_returns": [
    -0.8729685499287432,
    -0.11275964783696857,
    -0.013375454003095033,
    0.8434858877145901,
    0.16369137203859907,
    0.6530111592330856,
    -0.23020207810667825,
    0.6524917441283362,
    0.188300069031766,
    0.4034563330886032,
    0.3368010069622729,
    0.1100581408246537,
    -0.09241457756548055,
    0.4075815909904579,
    -0.09260371553813096,
    -0.3450932752097402,
    -0.39821660649206336,
    0.411715183407102,
    0.055668148327114864,
    2.2254674036235045,
    0.24619691693914536,
    0.6441519601980028,
    0.7795255742832907,
    0.4105501596548544,
    0.4315594312755966,
    0.34454319509882314,
    2.443700930582038,
    1.5416635986681193,
    0.4524199658293204,
    0.3406860986036264,
    0.35204558337025293,
    0.31925798090339796,
    0.04073019024579683,
    4.426536482946619,
    -0.10049351784566785,
    -0.6922393048183872,
    -0.1869414753448817,
    0.407271480879956,
    2.491072306864317,
    2.525155666794676
  ],
  "episode_lengths": [
    273,
    273,
    273,
    273,
    273,
    273,
    273,
    273,
    273,
    273,
    273,
    273,
    273,
    273,
    273,
    273,
    273,
    273,
    273,
    273,
    273,
    273,
    273,
    273,
    273,
    273,
    273,
    273,
    273,
    273,
    273,
    273,
    273,
    273,
    273,
    273,
    273,
    273,
    273,
    273
  ],
  "training_metrics": [
    {
      "loss": 0.5523743182420731,
      "policy_loss": 0.058379639871418476,
      "value_loss": 0.5047295540571213,
      "entropy": 1.073488026857376
    },
    {
      "loss": 0.4032471030950546,
      "policy_loss": -0.053394539281725883,
      "value_loss": 0.46756426244974136,
      "entropy": 1.0922610759735107
    },
    {
      "loss": 0.5109094530344009,
      "policy_loss": 0.03127054683864117,
      "value_loss": 0.49046940356492996,
      "entropy": 1.0830501317977905
    },
    {
      "loss": 0.40722935646772385,
      "policy_loss": -0.04735848866403103,
      "value_loss": 0.4650721922516823,
      "entropy": 1.0484343469142914
    },
    {
      "loss": 0.5121245831251144,
      "policy_loss": 0.02740672556683421,
      "value_loss": 0.4946148544549942,
      "entropy": 0.9896990060806274
    }
  ]
}