{
  "episode_rewards": [
    -0.08729685499287451,
    -0.011275964783696682,
    -0.0013375454003093272,
    0.08434858877145887,
    0.01636913720385929,
    0.06530111592330938,
    -0.023020207810668228,
    0.06524917441283322,
    0.018830006903177137,
    0.04034563330886012,
    0.033680100696228316,
    0.011005814082465041,
    -0.00924145775654759,
    0.040758159099044865,
    -0.009260371553813472,
    -0.03450932752097435,
    -0.03982166064920602,
    0.041171518340709735,
    0.005566814832710953,
    0.2225467403623508,
    0.024619691693913797,
    0.06441519601979963,
    0.0779525574283296,
    0.041055015965485664,
    0.043155943127560034,
    0.03445431950988275,
    0.24437009305820387,
    0.15416635986681226,
    0.045241996582932195,
    0.03406860986036337,
    0.03520455833702581,
    0.031925798090340685,
    0.004073019024579914,
    0.4426536482946629,
    -0.010049351784566516,
    -0.06922393048183872,
    -0.018694147534488028,
    0.040727148087996594,
    0.2491072306864313,
    0.25251556667946873,
    0.0008254957237571748,
    0.20805201418012587,
    0.10292743630522594,
    0.17316178869902657,
    0.07810632759002913,
    0.17579581484577647,
    0.3789742559286156,
    0.1450814276779245,
    0.0767800528370237,
    0.06666281007564977,
    0.2980623395605244,
    0.10444894551199972,
    0.01986108777090557,
    0.002202538571103661,
    0.4114708285814502,
    0.19548199694790108,
    0.4985465890302091,
    0.2244374835022202,
    0.24473688967126783,
    0.20479530814560273,
    0.14091067720192235,
    0.416605209999277,
    0.2831608972237053,
    0.28067878263865004,
    -0.44964571703788364,
    0.3475942690116106,
    0.0723999691668519,
    -0.06061315048919345,
    0.12014470203813969,
    0.3130127149687701
  ],
  "episode_returns": [
    -0.8729685499287432,
    -0.11275964783696857,
    -0.013375454003095033,
    0.8434858877145901,
    0.16369137203859907,
    0.6530111592330856,
    -0.23020207810667825,
    0.6524917441283362,
    0.188300069031766,
    0.4034563330886032,
    0.3368010069622729,
    0.1100581408246537,
    -0.09241457756548055,
    0.4075815909904579,
    -0.09260371553813096,
    -0.3450932752097402,
    -0.39821660649206336,
    0.411715183407102,
    0.055668148327114864,
    2.2254674036235045,
    0.24619691693914536,
    0.6441519601980028,
    0.7795255742832907,
    0.4105501596548544,
    0.4315594312755966,
    0.34454319509882314,
    2.443700930582038,
    1.5416635986681193,
    0.4524199658293204,
    0.3406860986036264,
    0.35204558337025293,
    0.31925798090339796,
    0.04073019024579683,
    4.426536482946619,
    -0.10049351784566785,
    -0.6922393048183872,
    -0.1869414753448817,
    0.407271480879956,
    2.491072306864317,
    2.525155666794676,
    0.008254957237574523,
    2.0805201418012675,
    1.0292743630522683,
    1.7316178869902554,
    0.7810632759002845,
    1.757958148457761,
    3.7897425592861467,
    1.4508142767792442,
    0.7678005283702438,
    0.6666281007565056,
    2.980623395605253,
    1.0444894551199901,
    0.19861087770904895,
    0.022025385711033074,
    4.114708285814506,
    1.9548199694790158,
    4.985465890302088,
    2.2443748350222004,
    2.447368896712687,
    2.047953081456022,
    1.4091067720192196,
    4.1660520999927675,
    2.831608972237043,
    2.806787826386503,
    -4.496457170378843,
    3.4759426901161072,
    0.7239996916685199,
    -0.606131504891938,
    1.2014470203814076,
    3.1301271496877003
  ],
  "episode_lengths": [
    273,
    273,
    273,
    273,
    273,
    273,
    273,
    273,
    273,
    273,
    273,
    273,
    273,
    273,
    273,
    273,
    273,
    273,
    273,
    273,
    273,
    273,
    273,
    273,
    273,
    273,
    273,
    273,
    273,
    273,
    273,
    273,
    273,
    273,
    273,
    273,
    273,
    273,
    273,
    273,
    273,
    273,
    273,
    273,
    273,
    273,
    273,
    273,
    273,
    273,
    273,
    273,
    273,
    273,
    273,
    273,
    273,
    273,
    273,
    273,
    273,
    273,
    273,
    273,
    273,
    273,
    273,
    273,
    273,
    273
  ],
  "training_metrics": [
    {
      "loss": 0.5523743182420731,
      "policy_loss": 0.058379639871418476,
      "value_loss": 0.5047295540571213,
      "entropy": 1.073488026857376
    },
    {
      "loss": 0.4032471030950546,
      "policy_loss": -0.053394539281725883,
      "value_loss": 0.46756426244974136,
      "entropy": 1.0922610759735107
    },
    {
      "loss": 0.5109094530344009,
      "policy_loss": 0.03127054683864117,
      "value_loss": 0.49046940356492996,
      "entropy": 1.0830501317977905
    },
    {
      "loss": 0.40722935646772385,
      "policy_loss": -0.04735848866403103,
      "value_loss": 0.4650721922516823,
      "entropy": 1.0484343469142914
    },
    {
      "loss": 0.5121245831251144,
      "policy_loss": 0.02740672556683421,
      "value_loss": 0.4946148544549942,
      "entropy": 0.9896990060806274
    },
    {
      "loss": 0.437959760427475,
      "policy_loss": 0.006487457547336817,
      "value_loss": 0.44090886414051056,
      "entropy": 0.9436561316251755
    },
    {
      "loss": 0.4023029953241348,
      "policy_loss": -0.05609331466257572,
      "value_loss": 0.46706075966358185,
      "entropy": 0.8664451092481613
    },
    {
      "loss": 0.5141279548406601,
      "policy_loss": 0.07752611488103867,
      "value_loss": 0.44473809003829956,
      "entropy": 0.8136230707168579
    },
    {
      "loss": 0.3907138630747795,
      "policy_loss": -0.059462993405759335,
      "value_loss": 0.45810987055301666,
      "entropy": 0.7933019399642944
    }
  ]
}