Strategy,Final Value ($),Total Return (%),Sharpe Ratio,Max Drawdown (%),Volatility (%),Total Trades,Win Rate (%),Profit Factor,Avg Win ($),Avg Loss ($),Bear (%),Bull (%),Neutral (%)
ensemble,104510.5685547707,4.510568554770696,1.2097890572849106,-2.481947724534128,5.432309049288325,48,62.5,5.1144119811009014,0,0,19.696969696969695,54.54545454545454,25.757575757575758
Main Model,120104.77828809462,20.104778288094618,2.2282537706591796,-5.826674647180508,15.32983397139967,35,0.0,0.0,0,0,,,
Phase 1,112294.0106939887,12.294010693988705,1.8131983806793996,-4.672235733513829,11.469863928886722,41,0.0,0.0,0,0,,,
Phase 2 (Bear Specialist),99898.91044969374,-0.10108955030626383,-5.969047423914571,-0.35069085328668126,0.3669778363632309,25,75.0,30.590513906877792,0,0,,,
Phase 3 (Bull Specialist),113786.80495023273,13.786804950232733,2.0005547354240987,-4.80239587553481,11.667295697601224,37,100.0,inf,0,0,,,
