{
  "episode_rewards": [
    -0.0223466466918806,
    0.09036590321762492,
    0.05692773342365834,
    0.04580452887859865,
    0.10314562185860697,
    0.02679041845894536,
    0.07913269041262971,
    -0.002833525862325021,
    0.05354246438223491,
    0.008029815097103698,
    -0.03026914247174282,
    0.0184982130001823,
    -0.03301728129998959,
    0.02865451924267108,
    0.013531294816308936,
    0.05103300095490994,
    0.019805653974678716,
    -0.011594811878359184,
    0.027123293536399425,
    0.1344820897500394,
    0.026520088598999427,
    0.05855128396537184,
    0.042088828143708776,
    0.09618747080355827,
    0.09439480834663119,
    -0.025334899575725957,
    0.053246664140022736,
    0.06538628574187023,
    0.02816578710312168,
    0.09411783339489048,
    -0.03997168360913644,
    0.056379650051589084,
    0.06606680908602576,
    0.02474585798556655,
    0.08355496302927204,
    0.052661165777366854,
    0.032543735806034244,
    0.06054089318936606,
    0.19266530298659335,
    0.07544660704242559,
    0.04142936935023754,
    0.1344274051859436,
    0.2354513719412061,
    0.22432655315592714,
    0.07179364045478875,
    0.12681254090403968,
    0.10463119083090865,
    0.11027079053005293,
    0.15102352665913782,
    -0.09287911078133339
  ],
  "episode_returns": [
    -0.22346646691880911,
    0.9036590321762406,
    0.5692773342365731,
    0.45804528878599093,
    1.0314562185860687,
    0.2679041845894625,
    0.7913269041262883,
    -0.028335258623246595,
    0.5354246438223464,
    0.08029815097103654,
    -0.30269142471742727,
    0.18498213000182062,
    -0.330172812999896,
    0.2865451924267015,
    0.13531294816309103,
    0.5103300095490981,
    0.1980565397467826,
    -0.11594811878359312,
    0.2712329353639964,
    1.3448208975003872,
    0.26520088599000236,
    0.5855128396537124,
    0.4208882814370929,
    0.9618747080355927,
    0.9439480834663172,
    -0.2533489957572632,
    0.532466641400231,
    0.6538628574187078,
    0.28165787103122675,
    0.941178333948911,
    -0.3997168360913683,
    0.5637965005159007,
    0.6606680908602502,
    0.24745857985566388,
    0.8355496302927312,
    0.526611657773679,
    0.32543735806034313,
    0.6054089318936695,
    1.9266530298659434,
    0.7544660704242645,
    0.41429369350236556,
    1.3442740518594398,
    2.3545137194120658,
    2.2432655315592687,
    0.717936404547892,
    1.2681254090403993,
    1.0463119083090833,
    1.1027079053005373,
    1.5102352665913754,
    -0.9287911078133315
  ],
  "episode_lengths": [
    273,
    273,
    273,
    273,
    273,
    273,
    273,
    273,
    273,
    273,
    273,
    273,
    273,
    273,
    273,
    273,
    273,
    273,
    273,
    273,
    273,
    273,
    273,
    273,
    273,
    273,
    273,
    273,
    273,
    273,
    273,
    273,
    273,
    273,
    273,
    273,
    273,
    273,
    273,
    273,
    273,
    273,
    273,
    273,
    273,
    273,
    273,
    273,
    273,
    273
  ],
  "training_metrics": [
    {
      "loss": 0.4782079607248306,
      "policy_loss": -0.011319258250296116,
      "value_loss": 0.5002291947603226,
      "entropy": 1.0701974034309387
    },
    {
      "loss": 0.468896821141243,
      "policy_loss": -0.0017466596327722073,
      "value_loss": 0.4815470948815346,
      "entropy": 1.0903617143630981
    },
    {
      "loss": 0.4579126909375191,
      "policy_loss": 0.000969629967585206,
      "value_loss": 0.4678826108574867,
      "entropy": 1.093954622745514
    },
    {
      "loss": 0.45893343538045883,
      "policy_loss": 0.003085147589445114,
      "value_loss": 0.4667717516422272,
      "entropy": 1.0923459231853485
    },
    {
      "loss": 0.44672656804323196,
      "policy_loss": -0.007117314264178276,
      "value_loss": 0.4646228477358818,
      "entropy": 1.0778959691524506
    },
    {
      "loss": 0.42420386523008347,
      "policy_loss": -0.009860828518867493,
      "value_loss": 0.44453854113817215,
      "entropy": 1.0473845899105072
    }
  ]
}