{
  "overall_correlation": {
    "correlation": 0.9999999999999998,
    "p_value": 0.0,
    "significant": true,
    "strength": "Very Strong"
  },
  "statistics": {
    "rewards": {
      "mean": 0.05804101126077512,
      "std": 0.06344568213578895,
      "min": -0.09287911078133339,
      "max": 0.2354513719412061,
      "median": 0.05339456426112882,
      "q25": 0.02518941563892477,
      "q75": 0.09317985085057409
    },
    "returns": {
      "mean": 0.5804101126077523,
      "std": 0.6344568213578903,
      "min": -0.9287911078133315,
      "max": 2.3545137194120658,
      "median": 0.5339456426112887,
      "q25": 0.2518941563892485,
      "q75": 0.9317985085057434
    }
  },
  "alignment": {
    "sign_agreement_pct": 100.0,
    "magnitude_correlation": 1.0,
    "positive_alignment_pct": 100.0,
    "negative_alignment_pct": 100.0,
    "total_episodes": 50,
    "positive_return_episodes": 42,
    "negative_return_episodes": 8
  },
  "windowed_correlation": {
    "window_size": 10,
    "correlations": [
      0.9999999999999999,
      0.9999999999999999,
      1.0,
      1.0,
      1.0,
      1.0,
      0.9999999999999998,
      0.9999999999999999,
      1.0,
      1.0,
      1.0,
      0.9999999999999999,
      0.9999999999999999,
      1.0,
      1.0,
      1.0,
      0.9999999999999999,
      0.9999999999999998,
      1.0,
      0.9999999999999999,
      0.9999999999999998,
      1.0,
      1.0,
      1.0,
      1.0,
      1.0,
      1.0,
      1.0,
      0.9999999999999998,
      1.0,
      1.0,
      1.0,
      0.9999999999999998,
      0.9999999999999998,
      0.9999999999999998,
      0.9999999999999998,
      0.9999999999999998,
      1.0,
      1.0,
      1.0,
      1.0
    ]
  }
}