{
  "episode_rewards": [
    0.08553678884167311,
    0.12030694998078109,
    -0.0015562214787554684,
    0.021809379968253776,
    0.031191534682016932,
    -0.0047122192844545,
    0.006485876842749693,
    0.09850942748737287,
    0.06076282863780505,
    -0.0029613142124479182,
    0.1330161981360056,
    -0.061714067632656945,
    0.27373013233245724,
    0.060761874330397404,
    0.050402981749261375,
    0.06062403891959546,
    0.08531399868689332,
    0.056549967653441155,
    0.1256335561501895,
    0.0906448287561885,
    0.17688685784622507,
    0.0738854108336993,
    0.13183143268624264,
    -0.057486480861247385,
    0.08281032248653206,
    0.3308751712380878,
    -0.031142430209828337,
    0.08656103318480161,
    0.084995748617989,
    0.00417826977384099,
    0.07243101067238743,
    0.0028885727467829643,
    0.39172470050803826,
    0.14398005778619996,
    0.01952580139355267,
    0.03241266016221926,
    0.1825862470441366,
    0.05927842177343703,
    0.17599218893652283,
    -0.0120755437613871
  ],
  "episode_returns": [
    0.8553678884167359,
    1.2030694998078184,
    -0.015562214787556705,
    0.2180937996825394,
    0.31191534682017963,
    -0.04712219284453978,
    0.06485876842750038,
    0.9850942748737213,
    0.6076282863780591,
    -0.029613142124473857,
    1.3301619813600452,
    -0.6171406763265663,
    2.73730132332457,
    0.6076187433039726,
    0.5040298174926239,
    0.6062403891959445,
    0.8531399868689338,
    0.5654996765344089,
    1.2563355615018867,
    0.9064482875618785,
    1.768868578462257,
    0.7388541083369837,
    1.3183143268624242,
    -0.5748648086124741,
    0.8281032248653286,
    3.308751712380875,
    -0.3114243020982843,
    0.8656103318480213,
    0.8499574861798864,
    0.04178269773840171,
    0.7243101067238689,
    0.028885727467820033,
    3.917247005080382,
    1.4398005778619938,
    0.19525801393551756,
    0.32412660162219886,
    1.825862470441364,
    0.5927842177343656,
    1.7599218893652235,
    -0.12075543761387308
  ],
  "episode_lengths": [
    272,
    272,
    272,
    272,
    272,
    272,
    272,
    272,
    272,
    272,
    272,
    272,
    272,
    272,
    272,
    272,
    272,
    272,
    272,
    272,
    272,
    272,
    272,
    272,
    272,
    272,
    272,
    272,
    272,
    272,
    272,
    272,
    272,
    272,
    272,
    272,
    272,
    272,
    272,
    272
  ],
  "training_metrics": [
    {
      "loss": 0.5254112854599953,
      "policy_loss": 0.024197384249418974,
      "value_loss": 0.5120212733745575,
      "entropy": 1.0807349383831024
    },
    {
      "loss": 0.5153509080410004,
      "policy_loss": 0.04240815527737141,
      "value_loss": 0.4835551604628563,
      "entropy": 1.0612423717975616
    },
    {
      "loss": 0.43320760875940323,
      "policy_loss": -0.02836514264345169,
      "value_loss": 0.47207752615213394,
      "entropy": 1.0504787266254425
    },
    {
      "loss": 0.4853924736380577,
      "policy_loss": 0.015181084163486958,
      "value_loss": 0.4804157465696335,
      "entropy": 1.020435780286789
    },
    {
      "loss": 0.4410451725125313,
      "policy_loss": -0.01938175968825817,
      "value_loss": 0.47032275795936584,
      "entropy": 0.9895820021629333
    }
  ]
}