{
  "episode_rewards": [
    -0.02182700519383072,
    -0.12790942068158617,
    -0.18047898047562205,
    -0.12243075835615161,
    -0.08968148285454818,
    -0.11008467827421997,
    -0.13672380258388303,
    -0.10457385312573321,
    -0.06650143765325188,
    -0.08964770344338181,
    -0.06273491383339133,
    -0.09641475140639519,
    -0.1047913352973366,
    -0.09963303789159263,
    -0.187074030819346,
    -0.15231801171996912,
    0.10288183332175975,
    0.006033599164841868,
    -0.24350027085539902,
    0.0060544429938803445,
    -0.05026707911552075,
    -0.16898153875388386,
    -0.10428250430039768,
    -0.09814584693982469,
    -0.02077683454681537,
    -0.057929718770725606,
    -0.029196835285449915,
    -0.09149566621871784,
    -0.07515847869883292,
    -0.08277279468853814,
    -0.15112738646139928,
    -0.08294399132607219,
    -0.052526701815209555,
    -0.18000104560944608,
    -0.02615800761456484,
    -0.027752032723088634,
    -0.15655063883615516,
    0.00020195737743052694,
    -0.0566084256289192,
    0.02293641050528966
  ],
  "episode_returns": [
    -0.2182700519383074,
    -1.2790942068158673,
    -1.8047898047562239,
    -1.2243075835615125,
    -0.896814828545478,
    -1.1008467827422042,
    -1.367238025838824,
    -1.0457385312573342,
    -0.6650143765325245,
    -0.896477034433818,
    -0.6273491383339103,
    -0.964147514063951,
    -1.047913352973362,
    -0.9963303789159217,
    -1.8707403081934637,
    -1.5231801171996961,
    1.028818333217596,
    0.06033599164840808,
    -2.4350027085539905,
    0.06054442993881359,
    -0.5026707911552131,
    -1.68981538753884,
    -1.042825043003981,
    -0.9814584693982442,
    -0.20776834546815115,
    -0.5792971877072506,
    -0.2919683528544992,
    -0.914956662187183,
    -0.7515847869883241,
    -0.8277279468853815,
    -1.5112738646139934,
    -0.8294399132607211,
    -0.525267018152098,
    -1.8000104560944585,
    -0.26158007614565104,
    -0.2775203272308846,
    -1.5655063883615483,
    0.002019573774303396,
    -0.5660842562891899,
    0.22936410505289828
  ],
  "episode_lengths": [
    272,
    272,
    272,
    272,
    272,
    272,
    272,
    272,
    272,
    272,
    272,
    272,
    272,
    272,
    272,
    272,
    272,
    272,
    272,
    272,
    272,
    272,
    272,
    272,
    272,
    272,
    272,
    272,
    272,
    272,
    272,
    272,
    272,
    272,
    272,
    272,
    272,
    272,
    272,
    272
  ],
  "training_metrics": [
    {
      "loss": 0.45194410532712936,
      "policy_loss": -0.03783366363495588,
      "value_loss": 0.5007074922323227,
      "entropy": 1.0929736196994781
    },
    {
      "loss": 0.44214125722646713,
      "policy_loss": -0.024524488486349583,
      "value_loss": 0.4776053801178932,
      "entropy": 1.093964546918869
    },
    {
      "loss": 0.47772447764873505,
      "policy_loss": -0.004354272969067097,
      "value_loss": 0.4929179921746254,
      "entropy": 1.083923578262329
    },
    {
      "loss": 0.47008147835731506,
      "policy_loss": -0.002069699577987194,
      "value_loss": 0.4828978031873703,
      "entropy": 1.0746625363826752
    },
    {
      "loss": 0.4677964970469475,
      "policy_loss": 0.0023501748219132423,
      "value_loss": 0.47609277814626694,
      "entropy": 1.0646457374095917
    }
  ]
}