{
  "episode_rewards": [
    -0.02182700519383072,
    -0.12790942068158617,
    -0.18047898047562205,
    -0.12243075835615161,
    -0.08968148285454818,
    -0.11008467827421997,
    -0.13672380258388303,
    -0.10457385312573321,
    -0.06650143765325188,
    -0.08964770344338181,
    -0.06273491383339133,
    -0.09641475140639519,
    -0.1047913352973366,
    -0.09963303789159263,
    -0.187074030819346,
    -0.15231801171996912,
    0.10288183332175975,
    0.006033599164841868,
    -0.24350027085539902,
    0.0060544429938803445,
    -0.05026707911552075,
    -0.16898153875388386,
    -0.10428250430039768,
    -0.09814584693982469,
    -0.02077683454681537,
    -0.057929718770725606,
    -0.029196835285449915,
    -0.09149566621871784,
    -0.07515847869883292,
    -0.08277279468853814,
    -0.15112738646139928,
    -0.08294399132607219,
    -0.052526701815209555,
    -0.18000104560944608,
    -0.02615800761456484,
    -0.027752032723088634,
    -0.15655063883615516,
    0.00020195737743052694,
    -0.0566084256289192,
    0.02293641050528966,
    -0.0703173972964796,
    -0.036028166794401496,
    -0.02692033115902452,
    -0.003796963471743228,
    0.005657934108572958,
    -0.09421440411917142,
    0.021040236305631718,
    -0.02154515575822298,
    -0.061078679785502035,
    -0.025609594801663506,
    -0.0024710219861954043,
    -0.08555006159268225,
    -0.05429444321758347,
    -0.011867059038369921,
    -0.054668211213189356,
    -0.0765616871758946,
    -0.06171705065960991,
    0.0060491527784295625,
    0.00898955965084606,
    -0.012742947473170344,
    -0.008626033094142619,
    0.01035686109711969,
    -0.03505044825461956,
    -0.0666940239314165,
    -0.016164945669160803,
    -0.020106949488951073,
    -0.05857972503468338,
    0.003928880839803605,
    -0.007293052183989494,
    0.019719294321678175,
    -0.03343191667703504,
    -0.0030522663670271874,
    -0.026886270087254534,
    -0.00787090364869946,
    -0.028987562699872082,
    -0.0073065286350931305,
    0.0025729518644773608,
    -0.019451450517642663,
    -0.033763115503056905,
    -0.07532578349111135
  ],
  "episode_returns": [
    -0.2182700519383074,
    -1.2790942068158673,
    -1.8047898047562239,
    -1.2243075835615125,
    -0.896814828545478,
    -1.1008467827422042,
    -1.367238025838824,
    -1.0457385312573342,
    -0.6650143765325245,
    -0.896477034433818,
    -0.6273491383339103,
    -0.964147514063951,
    -1.047913352973362,
    -0.9963303789159217,
    -1.8707403081934637,
    -1.5231801171996961,
    1.028818333217596,
    0.06033599164840808,
    -2.4350027085539905,
    0.06054442993881359,
    -0.5026707911552131,
    -1.68981538753884,
    -1.042825043003981,
    -0.9814584693982442,
    -0.20776834546815115,
    -0.5792971877072506,
    -0.2919683528544992,
    -0.914956662187183,
    -0.7515847869883241,
    -0.8277279468853815,
    -1.5112738646139934,
    -0.8294399132607211,
    -0.525267018152098,
    -1.8000104560944585,
    -0.26158007614565104,
    -0.2775203272308846,
    -1.5655063883615483,
    0.002019573774303396,
    -0.5660842562891899,
    0.22936410505289828,
    -0.703173972964799,
    -0.36028166794401795,
    -0.26920331159024924,
    -0.037969634717427425,
    0.05657934108573848,
    -0.942144041191717,
    0.21040236305631677,
    -0.21545155758222467,
    -0.610786797855023,
    -0.2560959480166325,
    -0.02471021986195643,
    -0.8555006159268186,
    -0.5429444321758292,
    -0.11867059038369598,
    -0.546682112131891,
    -0.7656168717589451,
    -0.6171705065960986,
    0.0604915277842899,
    0.08989559650847134,
    -0.12742947473169952,
    -0.08626033094142338,
    0.10356861097120529,
    -0.3505044825461989,
    -0.6669402393141621,
    -0.1616494566916038,
    -0.20106949488950532,
    -0.5857972503468312,
    0.039288808398030284,
    -0.0729305218398979,
    0.19719294321678404,
    -0.3343191667703471,
    -0.030522663670273786,
    -0.2688627008725408,
    -0.07870903648699024,
    -0.2898756269987257,
    -0.07306528635092624,
    0.025729518644768135,
    -0.1945145051764241,
    -0.33763115503057106,
    -0.7532578349111141
  ],
  "episode_lengths": [
    272,
    272,
    272,
    272,
    272,
    272,
    272,
    272,
    272,
    272,
    272,
    272,
    272,
    272,
    272,
    272,
    272,
    272,
    272,
    272,
    272,
    272,
    272,
    272,
    272,
    272,
    272,
    272,
    272,
    272,
    272,
    272,
    272,
    272,
    272,
    272,
    272,
    272,
    272,
    272,
    272,
    272,
    272,
    272,
    272,
    272,
    272,
    272,
    272,
    272,
    272,
    272,
    272,
    272,
    272,
    272,
    272,
    272,
    272,
    272,
    272,
    272,
    272,
    272,
    272,
    272,
    272,
    272,
    272,
    272,
    272,
    272,
    272,
    272,
    272,
    272,
    272,
    272,
    272,
    272
  ],
  "training_metrics": [
    {
      "loss": 0.45194410532712936,
      "policy_loss": -0.03783366363495588,
      "value_loss": 0.5007074922323227,
      "entropy": 1.0929736196994781
    },
    {
      "loss": 0.44214125722646713,
      "policy_loss": -0.024524488486349583,
      "value_loss": 0.4776053801178932,
      "entropy": 1.093964546918869
    },
    {
      "loss": 0.47772447764873505,
      "policy_loss": -0.004354272969067097,
      "value_loss": 0.4929179921746254,
      "entropy": 1.083923578262329
    },
    {
      "loss": 0.47008147835731506,
      "policy_loss": -0.002069699577987194,
      "value_loss": 0.4828978031873703,
      "entropy": 1.0746625363826752
    },
    {
      "loss": 0.4677964970469475,
      "policy_loss": 0.0023501748219132423,
      "value_loss": 0.47609277814626694,
      "entropy": 1.0646457374095917
    },
    {
      "loss": 0.4808490127325058,
      "policy_loss": -0.001638724934309721,
      "value_loss": 0.49265220016241074,
      "entropy": 1.0164450407028198
    },
    {
      "loss": 0.4822372794151306,
      "policy_loss": -0.009005756117403507,
      "value_loss": 0.5010935589671135,
      "entropy": 0.9850534349679947
    },
    {
      "loss": 0.486075796186924,
      "policy_loss": 0.012355589307844639,
      "value_loss": 0.4834666848182678,
      "entropy": 0.9746487438678741
    },
    {
      "loss": 0.4662664979696274,
      "policy_loss": -0.01263843197375536,
      "value_loss": 0.4880058392882347,
      "entropy": 0.9100914299488068
    },
    {
      "loss": 0.47354401648044586,
      "policy_loss": -0.0022157098865136504,
      "value_loss": 0.48419589549303055,
      "entropy": 0.8436171263456345
    }
  ]
}