{
  "episode_rewards": [
    -0.0223466466918806,
    0.09036590321762492,
    0.05692773342365834,
    0.04580452887859865,
    0.10314562185860697,
    0.02679041845894536,
    0.07913269041262971,
    -0.002833525862325021,
    0.05354246438223491,
    0.008029815097103698,
    -0.03026914247174282,
    0.0184982130001823,
    -0.03301728129998959,
    0.02865451924267108,
    0.013531294816308936,
    0.05103300095490994,
    0.019805653974678716,
    -0.011594811878359184,
    0.027123293536399425,
    0.1344820897500394,
    0.026520088598999427,
    0.05855128396537184,
    0.042088828143708776,
    0.09618747080355827,
    0.09439480834663119
  ],
  "episode_returns": [
    -0.22346646691880911,
    0.9036590321762406,
    0.5692773342365731,
    0.45804528878599093,
    1.0314562185860687,
    0.2679041845894625,
    0.7913269041262883,
    -0.028335258623246595,
    0.5354246438223464,
    0.08029815097103654,
    -0.30269142471742727,
    0.18498213000182062,
    -0.330172812999896,
    0.2865451924267015,
    0.13531294816309103,
    0.5103300095490981,
    0.1980565397467826,
    -0.11594811878359312,
    0.2712329353639964,
    1.3448208975003872,
    0.26520088599000236,
    0.5855128396537124,
    0.4208882814370929,
    0.9618747080355927,
    0.9439480834663172
  ],
  "episode_lengths": [
    273,
    273,
    273,
    273,
    273,
    273,
    273,
    273,
    273,
    273,
    273,
    273,
    273,
    273,
    273,
    273,
    273,
    273,
    273,
    273,
    273,
    273,
    273,
    273,
    273
  ],
  "training_metrics": [
    {
      "loss": 0.4782079607248306,
      "policy_loss": -0.011319258250296116,
      "value_loss": 0.5002291947603226,
      "entropy": 1.0701974034309387
    },
    {
      "loss": 0.468896821141243,
      "policy_loss": -0.0017466596327722073,
      "value_loss": 0.4815470948815346,
      "entropy": 1.0903617143630981
    },
    {
      "loss": 0.4579126909375191,
      "policy_loss": 0.000969629967585206,
      "value_loss": 0.4678826108574867,
      "entropy": 1.093954622745514
    }
  ]
}