{
  "episode_rewards": [
    0.2910943239923217,
    0.09986055375740976,
    0.3091135048678932,
    0.10210910640453366,
    0.19235459958933782,
    0.3052550746372525,
    0.1766466370135094,
    -0.0655047570140625,
    0.10801925745472964,
    0.19102304525008823,
    0.012893403736173148,
    0.22454001628732062,
    0.2617464760235661,
    0.28971881180063935,
    0.30658856048731103,
    0.36692428410450345,
    0.20759003064780684,
    0.05806831309332924,
    0.11102965844703262,
    0.2806929817617553,
    0.08794700761495038,
    0.516688207041064,
    0.3403985438061891,
    0.5315476832542538,
    -0.08945051743843799,
    0.415703701133419,
    0.2738518115898389,
    0.3013949523268006,
    0.23935592485066182,
    0.4097773194779949,
    0.28635892932354484,
    0.3266237789529597,
    0.0881834539478426,
    -0.041921590072095546,
    0.494200619784878,
    0.26434669622811663,
    0.4348509912611203,
    0.1763176223171786,
    0.3612032664954633,
    0.35808123952314935
  ],
  "episode_returns": [
    2.910943239923225,
    0.9986055375740932,
    3.091135048678928,
    1.021091064045332,
    1.923545995893372,
    3.0525507463725177,
    1.7664663701350891,
    -0.6550475701406211,
    1.0801925745473007,
    1.9102304525008718,
    0.1289340373617387,
    2.245400162873201,
    2.617464760235655,
    2.8971881180063885,
    3.0658856048731087,
    3.6692428410450395,
    2.0759003064780623,
    0.5806831309332905,
    1.1102965844703272,
    2.806929817617543,
    0.8794700761495022,
    5.166882070410628,
    3.403985438061885,
    5.315476832542543,
    -0.8945051743843746,
    4.157037011334186,
    2.7385181158983807,
    3.0139495232680114,
    2.393559248506616,
    4.097773194779952,
    2.8635892932354468,
    3.2662377895295913,
    0.8818345394784322,
    -0.4192159007209595,
    4.9420061978487695,
    2.6434669622811713,
    4.348509912611198,
    1.7631762231717918,
    3.612032664954623,
    3.580812395231492
  ],
  "episode_lengths": [
    547,
    547,
    547,
    547,
    547,
    547,
    547,
    547,
    547,
    547,
    547,
    547,
    547,
    547,
    547,
    547,
    547,
    547,
    547,
    547,
    547,
    547,
    547,
    547,
    547,
    547,
    547,
    547,
    547,
    547,
    547,
    547,
    547,
    547,
    547,
    547,
    547,
    547,
    547,
    547
  ],
  "training_metrics": [
    {
      "loss": 0.40714220702648163,
      "policy_loss": -0.09768156427890062,
      "value_loss": 0.5157065317034721,
      "entropy": 1.0882754623889923
    },
    {
      "loss": 0.5644862130284309,
      "policy_loss": 0.08755454234778881,
      "value_loss": 0.4874497652053833,
      "entropy": 1.0518077909946442
    },
    {
      "loss": 0.43057943135499954,
      "policy_loss": -0.038760281167924404,
      "value_loss": 0.48006487637758255,
      "entropy": 1.0725165903568268
    },
    {
      "loss": 0.48610714823007584,
      "policy_loss": 0.018746850546449423,
      "value_loss": 0.4780660718679428,
      "entropy": 1.0705788135528564
    },
    {
      "loss": 0.4527130797505379,
      "policy_loss": -0.014184904284775257,
      "value_loss": 0.4776179865002632,
      "entropy": 1.0720003545284271
    },
    {
      "loss": 0.48309729248285294,
      "policy_loss": 0.023488315753638744,
      "value_loss": 0.47040674090385437,
      "entropy": 1.079777181148529
    },
    {
      "loss": 0.43454618752002716,
      "policy_loss": -0.014464545296505094,
      "value_loss": 0.4596969485282898,
      "entropy": 1.0686221420764923
    },
    {
      "loss": 0.4196467995643616,
      "policy_loss": 0.004775403067469597,
      "value_loss": 0.4251367673277855,
      "entropy": 1.0265373885631561
    },
    {
      "loss": 0.41766195744276047,
      "policy_loss": -0.0034498858731240034,
      "value_loss": 0.4310748651623726,
      "entropy": 0.9963022917509079
    },
    {
      "loss": 0.4072480574250221,
      "policy_loss": 0.02696846961043775,
      "value_loss": 0.3899957910180092,
      "entropy": 0.9716206341981888
    }
  ]
}