{
  "episode_rewards": [
    0.060919330207716824,
    0.00020081388051766406,
    0.12322436397669519,
    0.04915903151766685,
    0.050821131719673604,
    -0.005345138758727997,
    0.028848383358998368,
    -0.008247250341331532,
    0.05266509484181442,
    0.046206085508642726,
    0.06830219700472076,
    0.023920366605691364,
    0.06027132066985795,
    0.08188372534060474,
    -0.008569599931791896,
    0.11375169326030017,
    0.08444987277230401,
    0.03584475458773814,
    0.10854829130182335,
    -0.04839983888102727,
    0.011015934390846764,
    0.053702771704111314,
    0.0036156325995063943,
    0.07834313908155893,
    0.09536782152361413,
    -0.02581872897461722,
    -0.031184490179157077,
    0.363553173039938,
    -0.02009714926892195,
    -0.03827982004757792,
    0.17808200438394559,
    0.09360631430348151,
    0.12488050691640092,
    0.04510368887027435,
    0.13004596770230117,
    0.05698155945792097,
    0.16737598441523732,
    0.28163741402809417,
    0.07779406939323678,
    0.12082908280462148,
    0.06181104290962687,
    0.08543753723933482,
    0.07940861678238287,
    0.04142257306702383,
    0.05291883288525571,
    0.0890063727327347,
    0.02808865426670819,
    0.4818636916565765,
    0.027184412079936104,
    0.2733171586771569
  ],
  "episode_returns": [
    0.60919330207716,
    0.0020081388051762517,
    1.23224363976695,
    0.49159031517667096,
    0.5082113171967384,
    -0.05345138758727774,
    0.28848383358999197,
    -0.08247250341331114,
    0.5266509484181503,
    0.46206085508642136,
    0.6830219700472151,
    0.23920366605691967,
    0.6027132066985796,
    0.8188372534060573,
    -0.08569599931791405,
    1.137516932603,
    0.8444987277230309,
    0.3584475458773717,
    1.085482913018243,
    -0.48399838881026946,
    0.11015934390847804,
    0.5370277170411164,
    0.03615632599507368,
    0.783431390815581,
    0.9536782152361312,
    -0.2581872897461701,
    -0.3118449017915692,
    3.6355317303993884,
    -0.200971492689217,
    -0.38279820047577573,
    1.7808200438394595,
    0.9360631430348043,
    1.2488050691640051,
    0.4510368887027383,
    1.3004596770230137,
    0.5698155945792038,
    1.6737598441523671,
    2.8163741402809306,
    0.7779406939323774,
    1.2082908280462101,
    0.6181104290962747,
    0.8543753723933456,
    0.7940861678238376,
    0.4142257306702479,
    0.529188328852559,
    0.8900637273273393,
    0.28088654266709145,
    4.818636916565766,
    0.27184412079936937,
    2.7331715867715767
  ],
  "episode_lengths": [
    273,
    273,
    273,
    273,
    273,
    273,
    273,
    273,
    273,
    273,
    273,
    273,
    273,
    273,
    273,
    273,
    273,
    273,
    273,
    273,
    273,
    273,
    273,
    273,
    273,
    273,
    273,
    273,
    273,
    273,
    273,
    273,
    273,
    273,
    273,
    273,
    273,
    273,
    273,
    273,
    273,
    273,
    273,
    273,
    273,
    273,
    273,
    273,
    273,
    273
  ],
  "training_metrics": [
    {
      "loss": 0.475364550948143,
      "policy_loss": -0.001339878886938095,
      "value_loss": 0.48736919462680817,
      "entropy": 1.066476970911026
    },
    {
      "loss": 0.4270758181810379,
      "policy_loss": -0.026745587587356567,
      "value_loss": 0.46445196121931076,
      "entropy": 1.0630544126033783
    },
    {
      "loss": 0.47810928523540497,
      "policy_loss": 0.018571892753243446,
      "value_loss": 0.46976277232170105,
      "entropy": 1.022538959980011
    },
    {
      "loss": 0.46912747621536255,
      "policy_loss": 0.004264594987034798,
      "value_loss": 0.47498567402362823,
      "entropy": 1.0122790485620499
    },
    {
      "loss": 0.4338967204093933,
      "policy_loss": -0.0074525021482259035,
      "value_loss": 0.4507879614830017,
      "entropy": 0.9438741952180862
    },
    {
      "loss": 0.40929560363292694,
      "policy_loss": -0.011161234695464373,
      "value_loss": 0.4292563423514366,
      "entropy": 0.8799502402544022
    }
  ]
}