{
  "episode_rewards": [
    -263.3767041301015,
    -203.62177428904187,
    -218.17003349342835,
    -256.22148817089106,
    -185.0279287486179,
    -107.90595717877508,
    -176.68224714857698,
    -130.998971256821,
    -195.881435448345,
    -260.9984441429715,
    -231.35591324203412,
    -214.85546239514275,
    -198.53204624629396,
    -149.08994517483026,
    -214.6353665604056,
    -25.747278552054905,
    -186.41504196594553,
    -248.05608999271277,
    -180.3281196726421,
    -167.79861689209667,
    -154.96746116697227,
    -217.71408761557643,
    -133.70792619963655,
    -37.29769781923645,
    2.2075174252171377,
    -216.64722729728993,
    -104.8877190658487,
    -152.26279956755835,
    -19.940543620038554,
    -113.57349053178312,
    -83.10916608295457,
    -31.120095903919356,
    -89.1345568692055,
    -117.29740105679475,
    -116.66625548356164,
    -149.73769760484,
    -83.61580100983358,
    2.007241905416167,
    -57.05168092027654,
    -7.447225514766823,
    7.830620497089915,
    -52.65469988855697,
    -80.99173004776688,
    13.313728987015532,
    -23.34333641432558,
    -34.237796026979105,
    -23.093586000901478,
    -14.338769634694822,
    -55.12156151177412,
    -52.789491006120734
  ],
  "episode_returns": [
    -0.43580434051586625,
    0.2652220158396057,
    0.09767606323682898,
    -0.4382333264343785,
    0.03737452159897625,
    0.6387254862184832,
    0.47715590874508607,
    0.6357412080828295,
    -0.08546750811015968,
    -0.5570191200835573,
    0.16744857624704235,
    0.24907512823220124,
    0.2909422320342747,
    0.6596543770734931,
    0.21522687907438165,
    1.3934741322036759,
    0.0535887934614232,
    -0.25806413875288925,
    -0.035071879862380584,
    0.15616510528739802,
    0.2928024371828153,
    -0.2563779946265665,
    1.1103651017792648,
    1.986817905293603,
    1.3323518313266502,
    -0.34300036414305346,
    0.8577629921745489,
    -0.2618607910045201,
    0.3161406325984384,
    0.8932416898653983,
    0.9507238036320587,
    1.765843658738686,
    1.6488031844326567,
    0.41771250171454,
    1.3244375172688727,
    0.05777671130660078,
    1.078708586504562,
    0.7457881053952953,
    1.7775681086186434,
    1.0750791599299925,
    1.7267238346325264,
    0.3632209817667986,
    0.9426990992071893,
    1.4864720465025627,
    5.9455747124181,
    0.3999788118226322,
    -0.15367593418521563,
    4.687521874705536,
    1.809565139280167,
    -0.23683634408033782
  ],
  "episode_lengths": [
    273,
    273,
    273,
    273,
    273,
    273,
    273,
    273,
    273,
    273,
    273,
    273,
    273,
    273,
    273,
    273,
    273,
    273,
    273,
    273,
    273,
    273,
    273,
    273,
    273,
    273,
    273,
    273,
    273,
    273,
    273,
    273,
    273,
    273,
    273,
    273,
    273,
    273,
    273,
    273,
    273,
    273,
    273,
    273,
    273,
    273,
    273,
    273,
    273,
    273
  ],
  "training_metrics": [
    {
      "loss": 0.44770554453134537,
      "policy_loss": 0.01657885522581637,
      "value_loss": 0.442043274641037,
      "entropy": 1.0916593372821808
    },
    {
      "loss": 0.3790179118514061,
      "policy_loss": -0.0028517181053757668,
      "value_loss": 0.3927769362926483,
      "entropy": 1.0907305777072906
    },
    {
      "loss": 0.40243973582983017,
      "policy_loss": -0.0076680975034832954,
      "value_loss": 0.42096134275197983,
      "entropy": 1.0853509604930878
    },
    {
      "loss": 0.4168885350227356,
      "policy_loss": 0.011169088538736105,
      "value_loss": 0.41639329493045807,
      "entropy": 1.0673846900463104
    },
    {
      "loss": 0.4020373374223709,
      "policy_loss": -0.0018251030705869198,
      "value_loss": 0.41391169279813766,
      "entropy": 1.00492562353611
    },
    {
      "loss": 0.37275735288858414,
      "policy_loss": -0.012742816004902124,
      "value_loss": 0.39477433264255524,
      "entropy": 0.9274166822433472
    }
  ]
}