{
  "episode_rewards": [
    -263.3767041301015,
    -203.62177428904187,
    -218.17003349342835,
    -256.22148817089106,
    -185.0279287486179,
    -107.90595717877508,
    -176.68224714857698,
    -130.998971256821,
    -195.881435448345,
    -260.9984441429715,
    -231.35591324203412,
    -214.85546239514275,
    -198.53204624629396,
    -149.08994517483026,
    -214.6353665604056,
    -25.747278552054905,
    -186.41504196594553,
    -248.05608999271277,
    -180.3281196726421,
    -167.79861689209667,
    -154.96746116697227,
    -217.71408761557643,
    -133.70792619963655,
    -37.29769781923645,
    2.2075174252171377
  ],
  "episode_returns": [
    -0.43580434051586625,
    0.2652220158396057,
    0.09767606323682898,
    -0.4382333264343785,
    0.03737452159897625,
    0.6387254862184832,
    0.47715590874508607,
    0.6357412080828295,
    -0.08546750811015968,
    -0.5570191200835573,
    0.16744857624704235,
    0.24907512823220124,
    0.2909422320342747,
    0.6596543770734931,
    0.21522687907438165,
    1.3934741322036759,
    0.0535887934614232,
    -0.25806413875288925,
    -0.035071879862380584,
    0.15616510528739802,
    0.2928024371828153,
    -0.2563779946265665,
    1.1103651017792648,
    1.986817905293603,
    1.3323518313266502
  ],
  "episode_lengths": [
    273,
    273,
    273,
    273,
    273,
    273,
    273,
    273,
    273,
    273,
    273,
    273,
    273,
    273,
    273,
    273,
    273,
    273,
    273,
    273,
    273,
    273,
    273,
    273,
    273
  ],
  "training_metrics": [
    {
      "loss": 0.44770554453134537,
      "policy_loss": 0.01657885522581637,
      "value_loss": 0.442043274641037,
      "entropy": 1.0916593372821808
    },
    {
      "loss": 0.3790179118514061,
      "policy_loss": -0.0028517181053757668,
      "value_loss": 0.3927769362926483,
      "entropy": 1.0907305777072906
    },
    {
      "loss": 0.40243973582983017,
      "policy_loss": -0.0076680975034832954,
      "value_loss": 0.42096134275197983,
      "entropy": 1.0853509604930878
    }
  ]
}